Timestamp,Host__Network__In__Bytes
"2021-04-12T20:54:04.861Z",8040347
"2021-04-12T20:53:54.859Z",2317942
"2021-04-12T20:53:44.859Z",141698
"2021-04-12T20:53:34.859Z",58583
"2021-04-12T20:53:24.859Z",1136714
"2021-04-12T20:53:14.859Z",77240
"2021-04-12T20:53:04.859Z",12468080
"2021-04-12T20:52:54.859Z",693701
"2021-04-12T20:52:44.859Z",780431
"2021-04-12T20:52:34.859Z",62721
"2021-04-12T20:52:24.859Z",1462067
"2021-04-12T20:52:14.859Z",783951
"2021-04-12T20:52:04.859Z",2012068
"2021-04-12T20:51:54.859Z",2077056
"2021-04-12T20:51:44.859Z",4464029
"2021-04-12T20:51:34.859Z",4763771
"2021-04-12T20:51:24.859Z",8109456
"2021-04-12T20:51:14.859Z",1020077
"2021-04-12T20:51:04.859Z",6505381
"2021-04-12T20:50:54.860Z",1656383
"2021-04-12T20:50:44.859Z",74074
"2021-04-12T20:50:34.859Z",79302
"2021-04-12T20:50:24.860Z",71119
"2021-04-12T20:50:14.860Z",92130
"2021-04-12T20:50:04.867Z",250805
"2021-04-12T20:49:54.859Z",119269
"2021-04-12T20:49:44.863Z",76610
"2021-04-12T20:49:34.859Z",170294
"2021-04-12T20:49:24.859Z",1444435
"2021-04-12T20:49:14.860Z",2220773
"2021-04-12T20:49:04.860Z",65583
"2021-04-12T20:48:54.859Z",1340542
"2021-04-12T20:48:44.859Z",1438078
"2021-04-12T20:48:34.859Z",160668
"2021-04-12T20:48:24.859Z",5442962
"2021-04-12T20:48:14.859Z",66454
"2021-04-12T20:48:04.859Z",70030
"2021-04-12T20:47:54.859Z",1995143
"2021-04-12T20:47:44.859Z",160272
"2021-04-12T20:47:34.859Z",55906
"2021-04-12T20:47:24.860Z",111758
"2021-04-12T20:47:14.859Z",78879
"2021-04-12T20:47:04.859Z",3544180
"2021-04-12T20:46:54.859Z",2634309
"2021-04-12T20:46:44.860Z",61668
"2021-04-12T20:46:34.859Z",55978
"2021-04-12T20:46:24.859Z",62682
"2021-04-12T20:46:14.859Z",2109462
"2021-04-12T20:46:04.859Z",2062118
"2021-04-12T20:45:54.859Z",5667709
"2021-04-12T20:45:44.859Z",64014
"2021-04-12T20:45:34.859Z",80028
"2021-04-12T20:45:24.859Z",60661
"2021-04-12T20:45:14.862Z",430337
"2021-04-12T20:45:04.860Z",2588026
"2021-04-12T20:44:54.859Z",1187129
"2021-04-12T20:44:44.859Z",78037
"2021-04-12T20:44:34.859Z",1127416
"2021-04-12T20:44:24.859Z",1130499
"2021-04-12T20:44:14.859Z",4151150
"2021-04-12T20:44:04.859Z",146914
"2021-04-12T20:43:54.859Z",88084
"2021-04-12T20:43:44.859Z",3918740
"2021-04-12T20:43:34.859Z",4054925
"2021-04-12T20:43:24.860Z",169641
"2021-04-12T20:43:14.859Z",67914
"2021-04-12T20:43:04.859Z",168926
"2021-04-12T20:42:54.859Z",2021956
"2021-04-12T20:42:44.860Z",60440
"2021-04-12T20:42:34.859Z",175747
"2021-04-12T20:42:24.859Z",105299
"2021-04-12T20:42:14.859Z",4058245
"2021-04-12T20:42:04.859Z",231175
"2021-04-12T20:41:54.859Z",4001660
"2021-04-12T20:41:44.859Z",1225117
"2021-04-12T20:41:34.859Z",9663355
"2021-04-12T20:41:24.859Z",9134994
"2021-04-12T20:41:14.861Z",196427
"2021-04-12T20:41:04.863Z",6451099
"2021-04-12T20:40:54.859Z",2856583
"2021-04-12T20:40:44.859Z",50177968
"2021-04-12T20:40:34.859Z",77751
"2021-04-12T20:40:24.859Z",63818
"2021-04-12T20:40:14.859Z",85827
"2021-04-12T20:40:04.859Z",3785447
"2021-04-12T20:39:54.859Z",1422978
"2021-04-12T20:39:44.859Z",2304891
"2021-04-12T20:39:34.859Z",3557713
"2021-04-12T20:39:24.859Z",86398
"2021-04-12T20:39:14.860Z",6043573
"2021-04-12T20:39:04.859Z",1480089
"2021-04-12T20:38:54.860Z",65127
"2021-04-12T20:38:44.859Z",224140
"2021-04-12T20:38:34.859Z",1948660
"2021-04-12T20:38:24.860Z",184473
"2021-04-12T20:38:14.859Z",154380
"2021-04-12T20:38:04.860Z",672725
"2021-04-12T20:37:54.859Z",1690903
"2021-04-12T20:37:44.864Z",1510367
"2021-04-12T20:37:34.860Z",64775
"2021-04-12T20:37:24.859Z",2264738
"2021-04-12T20:37:14.859Z",72551
"2021-04-12T20:37:04.859Z",8934690
"2021-04-12T20:36:54.859Z",69681
"2021-04-12T20:36:44.859Z",62285
"2021-04-12T20:36:34.859Z",728285
"2021-04-12T20:36:24.859Z",81200
"2021-04-12T20:36:14.859Z",2284280
"2021-04-12T20:36:04.860Z",62902
"2021-04-12T20:35:54.860Z",8258293
"2021-04-12T20:35:44.859Z",2670196
"2021-04-12T20:35:34.860Z",2224637
"2021-04-12T20:35:24.859Z",35078815
"2021-04-12T20:35:14.859Z",2301282
"2021-04-12T20:35:04.862Z",280608
"2021-04-12T20:34:54.859Z",1917811
"2021-04-12T20:34:44.859Z",1800115
"2021-04-12T20:34:34.859Z",5540376
"2021-04-12T20:34:24.859Z",12523761
"2021-04-12T20:34:14.859Z",11913843
"2021-04-12T20:34:04.860Z",2568767
"2021-04-12T20:33:54.859Z",1080703
"2021-04-12T20:33:44.859Z",5712387
"2021-04-12T20:33:34.859Z",312711
"2021-04-12T20:33:24.859Z",1798046
"2021-04-12T20:33:14.859Z",72281
"2021-04-12T20:33:04.859Z",154581
"2021-04-12T20:32:54.859Z",4609455
"2021-04-12T20:32:44.859Z",2249185
"2021-04-12T20:32:34.868Z",68934
"2021-04-12T20:32:24.860Z",4596506
"2021-04-12T20:32:14.866Z",1546254
"2021-04-12T20:32:04.859Z",1805032
"2021-04-12T20:31:54.860Z",185963
"2021-04-12T20:31:44.859Z",56254
"2021-04-12T20:31:34.859Z",18238074
"2021-04-12T20:31:24.859Z",683999
"2021-04-12T20:31:14.859Z",1494026
"2021-04-12T20:31:04.866Z",70551
"2021-04-12T20:30:54.861Z",2034027
"2021-04-12T20:30:44.859Z",1714190
"2021-04-12T20:30:34.860Z",956229
"2021-04-12T20:30:24.860Z",5705987
"2021-04-12T20:30:14.859Z",1806850
"2021-04-12T20:30:04.860Z",13738551
"2021-04-12T20:29:54.862Z",1869810
"2021-04-12T20:29:44.860Z",7630256
"2021-04-12T20:29:34.859Z",7655563
"2021-04-12T20:29:24.859Z",65745
"2021-04-12T20:29:14.859Z",9038502
"2021-04-12T20:29:04.859Z",13900045
"2021-04-12T20:28:54.860Z",895376
"2021-04-12T20:28:44.859Z",3896537
"2021-04-12T20:28:34.859Z",2622240
"2021-04-12T20:28:24.859Z",1746769
"2021-04-12T20:28:14.859Z",6693770
"2021-04-12T20:28:04.861Z",718428
"2021-04-12T20:27:54.859Z",75885
"2021-04-12T20:27:44.859Z",720568
"2021-04-12T20:27:34.859Z",501236
"2021-04-12T20:27:24.859Z",114369
"2021-04-12T20:27:14.859Z",4124322
"2021-04-12T20:27:04.860Z",712384
"2021-04-12T20:26:54.859Z",112397
"2021-04-12T20:26:44.859Z",59523
"2021-04-12T20:26:34.860Z",1392645
"2021-04-12T20:26:24.862Z",16346328
"2021-04-12T20:26:14.859Z",10312887
"2021-04-12T20:26:04.860Z",125066
"2021-04-12T20:25:54.859Z",1679049
"2021-04-12T20:25:44.860Z",5349581
"2021-04-12T20:25:34.859Z",19305009
"2021-04-12T20:25:24.859Z",13355108
"2021-04-12T20:25:14.859Z",6907231
"2021-04-12T20:25:04.859Z",97197
"2021-04-12T20:24:54.859Z",1348098
"2021-04-12T20:24:44.859Z",88784
"2021-04-12T20:24:34.859Z",5867845
"2021-04-12T20:24:24.860Z",6576960
"2021-04-12T20:24:14.859Z",148283
"2021-04-12T20:24:04.859Z",165735
"2021-04-12T20:23:54.859Z",714237
"2021-04-12T20:23:44.859Z",4949133
"2021-04-12T20:23:34.859Z",1580702
"2021-04-12T20:23:24.860Z",186890
"2021-04-12T20:23:14.859Z",88505
"2021-04-12T20:23:04.859Z",42557116
"2021-04-12T20:22:54.859Z",15445793
"2021-04-12T20:22:44.859Z",415054
"2021-04-12T20:22:34.859Z",1128353
"2021-04-12T20:22:24.859Z",372561
"2021-04-12T20:22:14.859Z",167907
"2021-04-12T20:22:04.861Z",186522
"2021-04-12T20:21:54.859Z",515231
"2021-04-12T20:21:44.859Z",44616500
"2021-04-12T20:21:34.859Z",5736479
"2021-04-12T20:21:24.859Z",768727
"2021-04-12T20:21:14.859Z",335298
"2021-04-12T20:21:04.860Z",110920
"2021-04-12T20:20:54.859Z",3385878
"2021-04-12T20:20:44.859Z",1901545
"2021-04-12T20:20:34.859Z",75997
"2021-04-12T20:20:24.859Z",6144655
"2021-04-12T20:20:14.859Z",203938
"2021-04-12T20:20:04.859Z",71033
"2021-04-12T20:19:54.859Z",2074745
"2021-04-12T20:19:44.859Z",3843786
"2021-04-12T20:19:34.859Z",165440
"2021-04-12T20:19:24.859Z",68227
"2021-04-12T20:19:14.859Z",2009078
"2021-04-12T20:19:04.859Z",119682
"2021-04-12T20:18:54.859Z",2362543
"2021-04-12T20:18:44.860Z",969098
"2021-04-12T20:18:34.859Z",175313
"2021-04-12T20:18:24.859Z",10457022
"2021-04-12T20:18:14.859Z",4504637
"2021-04-12T20:18:04.860Z",9691146
"2021-04-12T20:17:54.859Z",90221
"2021-04-12T20:17:44.859Z",12948641
"2021-04-12T20:17:34.859Z",7828660
"2021-04-12T20:17:24.860Z",4238227
"2021-04-12T20:17:14.860Z",2526613
"2021-04-12T20:17:04.859Z",511444
"2021-04-12T20:16:54.860Z",80611
"2021-04-12T20:16:44.859Z",1396906
"2021-04-12T20:16:34.859Z",1763032
"2021-04-12T20:16:24.859Z",3360864
"2021-04-12T20:16:14.859Z",3083805
"2021-04-12T20:16:04.860Z",3463914
"2021-04-12T20:15:54.859Z",13160674
"2021-04-12T20:15:44.859Z",1056725
"2021-04-12T20:15:34.859Z",1362629
"2021-04-12T20:15:24.860Z",3908177
"2021-04-12T20:15:14.859Z",70936
"2021-04-12T20:15:04.859Z",305298
"2021-04-12T20:14:54.859Z",131606
"2021-04-12T20:14:44.859Z",84958015
"2021-04-12T20:14:34.859Z",210869
"2021-04-12T20:14:24.859Z",1805462
"2021-04-12T20:14:14.860Z",823772
"2021-04-12T20:14:04.859Z",189738
"2021-04-12T20:13:54.860Z",8845712
"2021-04-12T20:13:44.859Z",38130866
"2021-04-12T20:13:34.859Z",11913809
"2021-04-12T20:13:24.859Z",2068178
"2021-04-12T20:13:14.860Z",745544
"2021-04-12T20:13:04.859Z",199633
"2021-04-12T20:12:54.859Z",93676
"2021-04-12T20:12:44.862Z",72619
"2021-04-12T20:12:34.859Z",15234414
"2021-04-12T20:12:24.861Z",2691383
"2021-04-12T20:12:14.859Z",11379035
"2021-04-12T20:12:04.859Z",221650
"2021-04-12T20:11:54.859Z",135148
"2021-04-12T20:11:44.859Z",8581447
"2021-04-12T20:11:34.859Z",1173851
"2021-04-12T20:11:24.859Z",132869
"2021-04-12T20:11:14.859Z",7889343
"2021-04-12T20:11:04.859Z",1885291
"2021-04-12T20:10:54.859Z",7944565
"2021-04-12T20:10:44.859Z",30416507
"2021-04-12T20:10:34.860Z",10640850
"2021-04-12T20:10:24.860Z",3890453
"2021-04-12T20:10:14.859Z",136330
"2021-04-12T20:10:04.859Z",4077944
"2021-04-12T20:09:54.859Z",2668833
"2021-04-12T20:09:44.859Z",139672
"2021-04-12T20:09:34.859Z",3938430
"2021-04-12T20:09:24.859Z",84310
"2021-04-12T20:09:14.859Z",261108
"2021-04-12T20:09:04.859Z",3839307
"2021-04-12T20:08:54.860Z",2214930
"2021-04-12T20:08:44.859Z",175871
"2021-04-12T20:08:34.859Z",4671283
"2021-04-12T20:08:24.859Z",1843763
"2021-04-12T20:08:14.859Z",317368
"2021-04-12T20:08:04.859Z",5349047
"2021-04-12T20:07:54.859Z",104449
"2021-04-12T20:07:44.860Z",4108195
"2021-04-12T20:07:34.859Z",269722
"2021-04-12T20:07:24.859Z",2600568
"2021-04-12T20:07:14.860Z",11636885
"2021-04-12T20:07:04.859Z",6745588
"2021-04-12T20:06:54.859Z",92046
"2021-04-12T20:06:44.860Z",942788
"2021-04-12T20:06:34.859Z",43226368
"2021-04-12T20:06:24.861Z",1984403
"2021-04-12T20:06:14.859Z",6908307
"2021-04-12T20:06:04.859Z",189888
"2021-04-12T20:05:54.859Z",2034890
"2021-04-12T20:05:44.859Z",2036398
"2021-04-12T20:05:34.859Z",178213
"2021-04-12T20:05:24.859Z",80099
"2021-04-12T20:05:14.860Z",14783493
"2021-04-12T20:05:04.859Z",23275927
"2021-04-12T20:04:54.859Z",104589
"2021-04-12T20:04:44.859Z",10370676
"2021-04-12T20:04:34.859Z",33625107
"2021-04-12T20:04:24.859Z",15495405
"2021-04-12T20:04:14.859Z",460042
"2021-04-12T20:04:04.860Z",126601
"2021-04-12T20:03:54.859Z",340269
"2021-04-12T20:03:44.859Z",3832392
"2021-04-12T20:03:34.860Z",2133925
"2021-04-12T20:03:24.859Z",5544663
"2021-04-12T20:03:14.859Z",69356
"2021-04-12T20:03:04.859Z",4253495
"2021-04-12T20:02:54.859Z",3955823
"2021-04-12T20:02:44.859Z",1836438
"2021-04-12T20:02:34.860Z",152323
"2021-04-12T20:02:24.859Z",2159195
"2021-04-12T20:02:14.859Z",134084
"2021-04-12T20:02:04.859Z",137844
"2021-04-12T20:01:54.859Z",97007
"2021-04-12T20:01:44.859Z",1520341
"2021-04-12T20:01:34.859Z",2085634
"2021-04-12T20:01:24.859Z",7640699
"2021-04-12T20:01:14.859Z",1892343
"2021-04-12T20:01:04.859Z",193456
"2021-04-12T20:00:54.859Z",2325549
"2021-04-12T20:00:44.859Z",1522910
"2021-04-12T20:00:34.859Z",1111391
"2021-04-12T20:00:24.860Z",429859
"2021-04-12T20:00:14.859Z",1328483
"2021-04-12T20:00:04.859Z",1378143
"2021-04-12T19:59:54.859Z",2157463
"2021-04-12T19:59:44.859Z",3075085
"2021-04-12T19:59:34.859Z",4018032
"2021-04-12T19:59:24.859Z",179931
"2021-04-12T19:59:14.859Z",88052
"2021-04-12T19:59:04.859Z",356651
"2021-04-12T19:58:54.859Z",3760806
"2021-04-12T19:58:44.859Z",132117
"2021-04-12T19:58:34.860Z",165258
"2021-04-12T19:58:24.859Z",87997
"2021-04-12T19:58:14.860Z",183315
"2021-04-12T19:58:04.859Z",223798
"2021-04-12T19:57:54.860Z",1825506
"2021-04-12T19:57:44.859Z",5849763
"2021-04-12T19:57:34.859Z",312643
"2021-04-12T19:57:24.865Z",127287
"2021-04-12T19:57:14.859Z",3417173
"2021-04-12T19:57:04.859Z",5727225
"2021-04-12T19:56:54.859Z",1846910
"2021-04-12T19:56:44.859Z",1780308
"2021-04-12T19:56:34.859Z",113269
"2021-04-12T19:56:24.859Z",130886
"2021-04-12T19:56:14.859Z",241871
"2021-04-12T19:56:04.859Z",3906759
"2021-04-12T19:55:54.859Z",1818033
"2021-04-12T19:55:44.859Z",73598
"2021-04-12T19:55:34.859Z",122990
"2021-04-12T19:55:24.860Z",129143
"2021-04-12T19:55:14.859Z",232662
"2021-04-12T19:55:04.859Z",901362
"2021-04-12T19:54:54.859Z",1228974
"2021-04-12T19:54:44.859Z",2200097
"2021-04-12T19:54:34.859Z",3384122
"2021-04-12T19:54:24.859Z",225021
"2021-04-12T19:54:14.859Z",167686
"2021-04-12T19:54:04.859Z",120006
"2021-04-12T19:53:54.859Z",4345902
"2021-04-12T19:53:44.860Z",847952
"2021-04-12T19:53:34.859Z",118863
"2021-04-12T19:53:24.859Z",16379103
"2021-04-12T19:53:14.859Z",123755
"2021-04-12T19:53:04.864Z",1054835
"2021-04-12T19:52:54.859Z",5627454
"2021-04-12T19:52:44.859Z",1400363
"2021-04-12T19:52:34.859Z",436895
"2021-04-12T19:52:24.859Z",3262956
"2021-04-12T19:52:14.859Z",2755124
"2021-04-12T19:52:04.859Z",2924683
"2021-04-12T19:51:54.859Z",4896762
"2021-04-12T19:51:44.860Z",2470692
"2021-04-12T19:51:34.859Z",131343
"2021-04-12T19:51:24.859Z",79106
"2021-04-12T19:51:14.859Z",167134
"2021-04-12T19:51:04.859Z",219369
"2021-04-12T19:50:54.859Z",3403108
"2021-04-12T19:50:44.859Z",71355
"2021-04-12T19:50:34.859Z",179249
"2021-04-12T19:50:24.859Z",84371
"2021-04-12T19:50:14.859Z",1792719
"2021-04-12T19:50:04.859Z",2017878
"2021-04-12T19:49:54.859Z",4648460
"2021-04-12T19:49:44.859Z",176530
"2021-04-12T19:49:34.859Z",300259
"2021-04-12T19:49:24.859Z",7435960
"2021-04-12T19:49:14.859Z",2000133
"2021-04-12T19:49:04.859Z",4129432
"2021-04-12T19:48:54.859Z",91328
"2021-04-12T19:48:44.860Z",132372
"2021-04-12T19:48:34.859Z",121050
"2021-04-12T19:48:24.859Z",4448577
"2021-04-12T19:48:14.866Z",2372700
"2021-04-12T19:48:04.859Z",20878821
"2021-04-12T19:47:54.862Z",18940251
"2021-04-12T19:47:44.859Z",3538879
"2021-04-12T19:47:34.860Z",13856712
"2021-04-12T19:47:24.860Z",33996556
"2021-04-12T19:47:14.860Z",4351093
"2021-04-12T19:47:04.859Z",2115740
"2021-04-12T19:46:54.859Z",1835925
"2021-04-12T19:46:44.859Z",77432
"2021-04-12T19:46:34.859Z",6482131
"2021-04-12T19:46:24.859Z",782100
"2021-04-12T19:46:14.859Z",2479650
"2021-04-12T19:46:04.859Z",120571
"2021-04-12T19:45:54.859Z",3132118
"2021-04-12T19:45:44.859Z",5842886
"2021-04-12T19:45:34.859Z",4226183
"2021-04-12T19:45:24.859Z",7354382
"2021-04-12T19:45:14.859Z",2086657
"2021-04-12T19:45:04.859Z",10638016
"2021-04-12T19:44:54.859Z",1145720
"2021-04-12T19:44:44.859Z",134150
"2021-04-12T19:44:34.859Z",110578
"2021-04-12T19:44:24.859Z",81434
"2021-04-12T19:44:14.859Z",6482993
"2021-04-12T19:44:04.859Z",136270
"2021-04-12T19:43:54.860Z",92377
"2021-04-12T19:43:44.859Z",148008
"2021-04-12T19:43:34.859Z",69222
"2021-04-12T19:43:24.859Z",439281
"2021-04-12T19:43:14.859Z",335174
"2021-04-12T19:43:04.861Z",2178958
"2021-04-12T19:42:54.859Z",1385038
"2021-04-12T19:42:44.861Z",7045686
"2021-04-12T19:42:34.860Z",21296250
"2021-04-12T19:42:24.860Z",93354626
"2021-04-12T19:42:14.859Z",12190474
"2021-04-12T19:42:04.859Z",4955642
"2021-04-12T19:41:54.859Z",5364264
"2021-04-12T19:41:44.859Z",4229655
"2021-04-12T19:41:34.859Z",7214962
"2021-04-12T19:41:24.859Z",10214068
"2021-04-12T19:41:14.859Z",1555869
"2021-04-12T19:41:04.859Z",1401106
"2021-04-12T19:40:54.859Z",2736416
"2021-04-12T19:40:44.859Z",95690238
"2021-04-12T19:40:34.859Z",46778482
"2021-04-12T19:40:24.859Z",47913780
"2021-04-12T19:40:14.859Z",3205683
"2021-04-12T19:40:04.864Z",9526683
"2021-04-12T19:39:54.859Z",1785019
"2021-04-12T19:39:44.860Z",88321
"2021-04-12T19:39:34.860Z",2096951
"2021-04-12T19:39:24.859Z",10507203
"2021-04-12T19:39:14.859Z",7077332
"2021-04-12T19:39:04.860Z",6988472
"2021-04-12T19:38:54.860Z",7993328
"2021-04-12T19:38:44.859Z",7072799
"2021-04-12T19:38:34.860Z",6983310
"2021-04-12T19:38:24.859Z",7156498
"2021-04-12T19:38:14.859Z",24234539
"2021-04-12T19:38:04.859Z",22466998
"2021-04-12T19:37:54.860Z",7742269
"2021-04-12T19:37:44.860Z",6658528
"2021-04-12T19:37:34.860Z",7336118
"2021-04-12T19:37:24.860Z",8667946
"2021-04-12T19:37:14.861Z",38898076
"2021-04-12T19:37:04.859Z",11860542
"2021-04-12T19:36:54.859Z",5084189
"2021-04-12T19:36:44.859Z",1474274
"2021-04-12T19:36:34.859Z",544209
"2021-04-12T19:36:24.861Z",2107674
"2021-04-12T19:36:14.859Z",1141471
"2021-04-12T19:36:04.859Z",161040
"2021-04-12T19:35:54.859Z",17794295
"2021-04-12T19:35:44.859Z",110224
"2021-04-12T19:35:34.860Z",137219
"2021-04-12T19:35:24.859Z",81582
"2021-04-12T19:35:14.859Z",878169
"2021-04-12T19:35:04.859Z",183939
"2021-04-12T19:34:54.869Z",5615659
"2021-04-12T19:34:44.860Z",28848766
"2021-04-12T19:34:34.859Z",458273
"2021-04-12T19:34:24.859Z",53458859
"2021-04-12T19:34:14.859Z",1572167
"2021-04-12T19:34:04.859Z",2332170
"2021-04-12T19:33:54.859Z",2234389
"2021-04-12T19:33:44.860Z",5986743
"2021-04-12T19:33:34.860Z",6773063
"2021-04-12T19:33:24.859Z",5086824
"2021-04-12T19:33:14.859Z",4901746
"2021-04-12T19:33:04.862Z",4139411
"2021-04-12T19:32:54.859Z",6208443
"2021-04-12T19:32:44.860Z",5594861
"2021-04-12T19:32:34.859Z",3227996
"2021-04-12T19:32:24.859Z",3963003
"2021-04-12T19:32:14.859Z",6858299
"2021-04-12T19:32:04.865Z",6439426
"2021-04-12T19:31:54.861Z",22855766
"2021-04-12T19:31:44.859Z",51517385
"2021-04-12T19:31:34.860Z",48718609
"2021-04-12T19:31:24.859Z",696053
"2021-04-12T19:31:14.859Z",1609528
"2021-04-12T19:31:04.860Z",50191366
"2021-04-12T19:30:54.859Z",20501355
"2021-04-12T19:30:44.859Z",8583484
"2021-04-12T19:30:34.860Z",3899949
"2021-04-12T19:30:24.859Z",120252
"2021-04-12T19:30:14.859Z",74481
"2021-04-12T19:30:04.859Z",3115516
"2021-04-12T19:29:54.859Z",2568122
"2021-04-12T19:29:44.860Z",122427
"2021-04-12T19:29:34.859Z",48251212
"2021-04-12T19:29:24.859Z",1341793
"2021-04-12T19:29:14.859Z",2300533
"2021-04-12T19:29:04.859Z",4206272
"2021-04-12T19:28:54.859Z",1820713
"2021-04-12T19:28:44.859Z",171254
"2021-04-12T19:28:34.859Z",113349
"2021-04-12T19:28:24.859Z",81327
"2021-04-12T19:28:14.859Z",149305
"2021-04-12T19:28:04.879Z",1966528
"2021-04-12T19:27:54.859Z",193634
"2021-04-12T19:27:44.859Z",109798
"2021-04-12T19:27:34.859Z",144993
"2021-04-12T19:27:24.859Z",8237613
"2021-04-12T19:27:14.859Z",13319180
"2021-04-12T19:27:04.859Z",10363382
"2021-04-12T19:26:54.859Z",4288803
"2021-04-12T19:26:44.859Z",1981713
"2021-04-12T19:26:34.859Z",7779077
"2021-04-12T19:26:24.859Z",76057
"2021-04-12T19:26:14.859Z",129057
"2021-04-12T19:26:04.860Z",868699
"2021-04-12T19:25:54.859Z",52775961
"2021-04-12T19:25:44.859Z",2853267
"2021-04-12T19:25:34.860Z",179997
"2021-04-12T19:25:24.859Z",77556
"2021-04-12T19:25:14.859Z",74393
"2021-04-12T19:25:04.859Z",856377
"2021-04-12T19:24:54.859Z",2972480
"2021-04-12T19:24:44.859Z",5582650
"2021-04-12T19:24:34.860Z",881474
"2021-04-12T19:24:24.859Z",886642
"2021-04-12T19:24:14.859Z",2130836
"2021-04-12T19:24:04.859Z",121438
"2021-04-12T19:23:54.859Z",128150
"2021-04-12T19:23:44.859Z",134990
"2021-04-12T19:23:34.859Z",117920
"2021-04-12T19:23:24.859Z",7675225
"2021-04-12T19:23:14.863Z",270361
"2021-04-12T19:23:04.859Z",573776
"2021-04-12T19:22:54.860Z",330512
"2021-04-12T19:22:44.859Z",289271
"2021-04-12T19:22:34.859Z",355800
"2021-04-12T19:22:24.859Z",382012
"2021-04-12T19:22:14.859Z",291041
"2021-04-12T19:22:04.859Z",542081
"2021-04-12T19:21:54.859Z",4410998
"2021-04-12T19:21:44.859Z",1634339
"2021-04-12T19:21:34.859Z",7383613
"2021-04-12T19:21:24.861Z",1340506
"2021-04-12T19:21:14.859Z",5909351
"2021-04-12T19:21:04.860Z",4244136
"2021-04-12T19:20:54.859Z",2960578
"2021-04-12T19:20:44.859Z",109922
"2021-04-12T19:20:34.863Z",1855983
"2021-04-12T19:20:24.859Z",678362
"2021-04-12T19:20:14.859Z",1177175
"2021-04-12T19:20:04.860Z",6474945
"2021-04-12T19:19:54.860Z",134506
"2021-04-12T19:19:44.859Z",266057
"2021-04-12T19:19:34.861Z",104286
"2021-04-12T19:19:24.859Z",71469
"2021-04-12T19:19:14.859Z",3830160
"2021-04-12T19:19:04.859Z",3973249
"2021-04-12T19:18:54.859Z",92287
"2021-04-12T19:18:44.859Z",137134
"2021-04-12T19:18:34.859Z",154557
"2021-04-12T19:18:24.859Z",1151605
"2021-04-12T19:18:14.859Z",13103288
"2021-04-12T19:18:04.859Z",1786633
"2021-04-12T19:17:54.859Z",87348
"2021-04-12T19:17:44.859Z",1236475
"2021-04-12T19:17:34.859Z",190282
"2021-04-12T19:17:24.859Z",5936919
"2021-04-12T19:17:14.859Z",276233
"2021-04-12T19:17:04.861Z",4021371
"2021-04-12T19:16:54.859Z",93393
"2021-04-12T19:16:44.859Z",657827
"2021-04-12T19:16:34.859Z",104201
"2021-04-12T19:16:24.859Z",1665740
"2021-04-12T19:16:14.859Z",495723
"2021-04-12T19:16:04.862Z",5857648
"2021-04-12T19:15:54.860Z",2311895
"2021-04-12T19:15:44.860Z",1957564
"2021-04-12T19:15:34.859Z",118521
"2021-04-12T19:15:24.859Z",117258
"2021-04-12T19:15:14.859Z",69721
"2021-04-12T19:15:04.859Z",1751806
"2021-04-12T19:14:54.859Z",11705766
"2021-04-12T19:14:44.859Z",11384694
"2021-04-12T19:14:34.859Z",1835189
"2021-04-12T19:14:24.859Z",11628831
"2021-04-12T19:14:14.860Z",109010
"2021-04-12T19:14:04.860Z",4069472
"2021-04-12T19:13:54.859Z",59088847
"2021-04-12T19:13:44.860Z",5088749
"2021-04-12T19:13:34.859Z",7450439
"2021-04-12T19:13:24.861Z",190474
"2021-04-12T19:13:14.859Z",150057
"2021-04-12T19:13:04.859Z",2502545
"2021-04-12T19:12:54.859Z",84003
"2021-04-12T19:12:44.860Z",587160
"2021-04-12T19:12:34.861Z",749092
"2021-04-12T19:12:24.859Z",14659682
"2021-04-12T19:12:14.859Z",348606
"2021-04-12T19:12:04.860Z",548553
"2021-04-12T19:11:54.859Z",773879
"2021-04-12T19:11:44.859Z",2286385
"2021-04-12T19:11:34.859Z",1429380
"2021-04-12T19:11:24.859Z",6384768
"2021-04-12T19:11:14.859Z",2472122
"2021-04-12T19:11:04.859Z",686972
"2021-04-12T19:10:54.859Z",2103222
"2021-04-12T19:10:44.859Z",286977
"2021-04-12T19:10:34.860Z",176252
"2021-04-12T19:10:24.859Z",71526
"2021-04-12T19:10:14.859Z",96702
"2021-04-12T19:10:04.860Z",324143
"2021-04-12T19:09:54.859Z",1883936
"2021-04-12T19:09:44.859Z",202770
"2021-04-12T19:09:34.859Z",152115
"2021-04-12T19:09:24.859Z",1524109
"2021-04-12T19:09:14.859Z",6883412
"2021-04-12T19:09:04.859Z",1188217
"2021-04-12T19:08:54.864Z",874290
"2021-04-12T19:08:44.859Z",135887
"2021-04-12T19:08:34.859Z",213687
"2021-04-12T19:08:24.859Z",2064527
"2021-04-12T19:08:14.859Z",98641
"2021-04-12T19:08:04.859Z",147743
"2021-04-12T19:07:54.859Z",2061705
"2021-04-12T19:07:44.859Z",71487
"2021-04-12T19:07:34.859Z",4481994
"2021-04-12T19:07:24.859Z",170762
"2021-04-12T19:07:14.859Z",204116
"2021-04-12T19:07:04.866Z",2549336
"2021-04-12T19:06:54.859Z",1327841
"2021-04-12T19:06:44.859Z",73749
"2021-04-12T19:06:34.859Z",7132244
"2021-04-12T19:06:24.859Z",128014
"2021-04-12T19:06:14.859Z",2511316
"2021-04-12T19:06:04.859Z",822809
"2021-04-12T19:05:54.859Z",16714099
"2021-04-12T19:05:44.859Z",3527875
"2021-04-12T19:05:34.859Z",118598
"2021-04-12T19:05:24.859Z",155305
"2021-04-12T19:05:14.866Z",3900724
"2021-04-12T19:05:04.859Z",9532602
"2021-04-12T19:04:54.859Z",208585
"2021-04-12T19:04:44.859Z",134254
"2021-04-12T19:04:34.859Z",111806
"2021-04-12T19:04:24.859Z",1614325
"2021-04-12T19:04:14.859Z",1762687
"2021-04-12T19:04:04.859Z",2967826
"2021-04-12T19:03:54.862Z",2152126
"2021-04-12T19:03:44.859Z",150274
"2021-04-12T19:03:34.859Z",3980737
"2021-04-12T19:03:24.860Z",81710
"2021-04-12T19:03:14.860Z",85122
"2021-04-12T19:03:04.862Z",167853
"2021-04-12T19:02:54.859Z",101469
"2021-04-12T19:02:44.859Z",71012
"2021-04-12T19:02:34.859Z",316459
"2021-04-12T19:02:24.859Z",97507
"2021-04-12T19:02:14.859Z",80126
"2021-04-12T19:02:04.859Z",181930
"2021-04-12T19:01:54.859Z",1508647
"2021-04-12T19:01:44.859Z",1888049
"2021-04-12T19:01:34.859Z",158917
"2021-04-12T19:01:24.859Z",720651
"2021-04-12T19:01:14.859Z",155761
"2021-04-12T19:01:04.859Z",2097296
"2021-04-12T19:00:54.860Z",1773605
"2021-04-12T19:00:44.859Z",76975
"2021-04-12T19:00:34.859Z",121220
"2021-04-12T19:00:24.859Z",588745
"2021-04-12T19:00:14.859Z",127416
"2021-04-12T19:00:04.859Z",4553116
"2021-04-12T18:59:54.859Z",3364234
"2021-04-12T18:59:44.859Z",1342170
"2021-04-12T18:59:34.859Z",110123
"2021-04-12T18:59:24.859Z",123503
"2021-04-12T18:59:14.859Z",672460
"2021-04-12T18:59:04.859Z",9106522
"2021-04-12T18:58:54.859Z",262438
"2021-04-12T18:58:44.862Z",756248
"2021-04-12T18:58:34.859Z",1729586
"2021-04-12T18:58:24.859Z",1838183
"2021-04-12T18:58:14.859Z",2391609
"2021-04-12T18:58:04.859Z",154718
"2021-04-12T18:57:54.859Z",108568
"2021-04-12T18:57:44.859Z",135298
"2021-04-12T18:57:34.859Z",759258
"2021-04-12T18:57:24.859Z",117499
"2021-04-12T18:57:14.859Z",1933293
"2021-04-12T18:57:04.859Z",5260497
"2021-04-12T18:56:54.859Z",1235360
"2021-04-12T18:56:44.859Z",1921573
"2021-04-12T18:56:34.859Z",800770
"2021-04-12T18:56:24.859Z",4070987
"2021-04-12T18:56:14.859Z",186830
"2021-04-12T18:56:04.859Z",250497
"2021-04-12T18:55:54.865Z",3525192
"2021-04-12T18:55:44.859Z",342737
"2021-04-12T18:55:34.859Z",2934053
"2021-04-12T18:55:24.860Z",5741108
"2021-04-12T18:55:14.859Z",6786676
"2021-04-12T18:55:04.859Z",7490575
"2021-04-12T18:54:54.859Z",147923
"2021-04-12T18:54:44.859Z",83634
"2021-04-12T18:54:34.859Z",1891692
"2021-04-12T18:54:24.859Z",67763
"2021-04-12T18:54:14.859Z",67965
"2021-04-12T18:54:04.859Z",4169668
"2021-04-12T18:53:54.859Z",1412302
"2021-04-12T18:53:44.859Z",127881
"2021-04-12T18:53:34.864Z",163395
"2021-04-12T18:53:24.859Z",81883
"2021-04-12T18:53:14.860Z",101264
"2021-04-12T18:53:04.862Z",3209078
"2021-04-12T18:52:54.859Z",2891161
"2021-04-12T18:52:44.859Z",68312
"2021-04-12T18:52:34.859Z",152205
"2021-04-12T18:52:24.859Z",162769
"2021-04-12T18:52:14.859Z",68517
"2021-04-12T18:52:04.859Z",242318
"2021-04-12T18:51:54.859Z",241921
"2021-04-12T18:51:44.859Z",3817522
"2021-04-12T18:51:34.861Z",114324
"2021-04-12T18:51:24.859Z",4045437
"2021-04-12T18:51:14.859Z",3421269
"2021-04-12T18:51:04.859Z",3497042
"2021-04-12T18:50:54.859Z",4613922
"2021-04-12T18:50:44.859Z",1847345
"2021-04-12T18:50:34.859Z",127531
"2021-04-12T18:50:24.859Z",2189056
"2021-04-12T18:50:14.859Z",3867074
"2021-04-12T18:50:04.859Z",2285076
"2021-04-12T18:49:54.859Z",204275
"2021-04-12T18:49:44.859Z",186548
"2021-04-12T18:49:34.860Z",209656
"2021-04-12T18:49:24.859Z",3071935
"2021-04-12T18:49:14.859Z",213394
"2021-04-12T18:49:04.859Z",899956
"2021-04-12T18:48:54.859Z",6056580
"2021-04-12T18:48:44.859Z",2585203
"2021-04-12T18:48:34.859Z",337880
"2021-04-12T18:48:24.860Z",198774
"2021-04-12T18:48:14.860Z",1600523
"2021-04-12T18:48:04.859Z",14450922
"2021-04-12T18:47:54.859Z",4388648
"2021-04-12T18:47:44.859Z",704105
"2021-04-12T18:47:34.859Z",3636220
"2021-04-12T18:47:24.860Z",3871706
"2021-04-12T18:47:14.859Z",286076
"2021-04-12T18:47:04.859Z",2565322
"2021-04-12T18:46:54.859Z",91562
"2021-04-12T18:46:44.859Z",2105024
"2021-04-12T18:46:34.859Z",709351
"2021-04-12T18:46:24.859Z",1119338
"2021-04-12T18:46:14.861Z",216353
"2021-04-12T18:46:04.860Z",1381226
"2021-04-12T18:45:54.859Z",6905484
"2021-04-12T18:45:44.859Z",10661460
"2021-04-12T18:45:34.860Z",7110706
"2021-04-12T18:45:24.859Z",7587449
"2021-04-12T18:45:14.860Z",142221
"2021-04-12T18:45:04.859Z",158233
"2021-04-12T18:44:54.859Z",3756272
"2021-04-12T18:44:44.859Z",4808146
"2021-04-12T18:44:34.859Z",207061
"2021-04-12T18:44:24.859Z",124948
"2021-04-12T18:44:14.859Z",5945425
"2021-04-12T18:44:04.859Z",1407711
"2021-04-12T18:43:54.859Z",1990122
"2021-04-12T18:43:44.859Z",130600
"2021-04-12T18:43:34.860Z",111983
"2021-04-12T18:43:24.859Z",232588
"2021-04-12T18:43:14.860Z",6243968
"2021-04-12T18:43:04.859Z",759092
"2021-04-12T18:42:54.859Z",1696719
"2021-04-12T18:42:44.859Z",1745885
"2021-04-12T18:42:34.859Z",367734
"2021-04-12T18:42:24.859Z",181778
"2021-04-12T18:42:14.859Z",85163
"2021-04-12T18:42:04.859Z",1415189
"2021-04-12T18:41:54.860Z",3501209
"2021-04-12T18:41:44.859Z",105239
"2021-04-12T18:41:34.860Z",117666
"2021-04-12T18:41:24.860Z",107430
"2021-04-12T18:41:14.860Z",269916
"2021-04-12T18:41:04.860Z",220764
"2021-04-12T18:40:54.859Z",1679292
"2021-04-12T18:40:44.859Z",2061788
"2021-04-12T18:40:34.859Z",139203
"2021-04-12T18:40:24.859Z",22744481
"2021-04-12T18:40:14.859Z",20860888
"2021-04-12T18:40:04.872Z",2585383
"2021-04-12T18:39:54.860Z",143997
"2021-04-12T18:39:44.859Z",138476
"2021-04-12T18:39:34.859Z",215123
"2021-04-12T18:39:24.859Z",3392528
"2021-04-12T18:39:14.859Z",8645910
"2021-04-12T18:39:04.859Z",1929095
"2021-04-12T18:38:54.859Z",36551885
"2021-04-12T18:38:44.860Z",11629623
"2021-04-12T18:38:34.859Z",11153580
"2021-04-12T18:38:24.859Z",4886924
"2021-04-12T18:38:14.859Z",8403680
"2021-04-12T18:38:04.859Z",6232298
"2021-04-12T18:37:54.859Z",1661304
"2021-04-12T18:37:44.860Z",167140
"2021-04-12T18:37:34.859Z",1046052
"2021-04-12T18:37:24.859Z",1491431
"2021-04-12T18:37:14.859Z",6573831
"2021-04-12T18:37:04.859Z",8137053
"2021-04-12T18:36:54.859Z",269373
"2021-04-12T18:36:44.859Z",2794547
"2021-04-12T18:36:34.859Z",110838
"2021-04-12T18:36:24.859Z",2439259
"2021-04-12T18:36:14.859Z",1412398
"2021-04-12T18:36:04.860Z",163701
"2021-04-12T18:35:54.859Z",1721181
"2021-04-12T18:35:44.859Z",64742
"2021-04-12T18:35:34.859Z",1997062
"2021-04-12T18:35:24.861Z",6907614
"2021-04-12T18:35:14.859Z",979975
"2021-04-12T18:35:04.860Z",1735845
"2021-04-12T18:34:54.859Z",1257499
"2021-04-12T18:34:44.859Z",85015
"2021-04-12T18:34:34.859Z",111121
"2021-04-12T18:34:24.860Z",149191
"2021-04-12T18:34:14.863Z",1889817
"2021-04-12T18:34:04.859Z",1055203
"2021-04-12T18:33:54.860Z",8883021
"2021-04-12T18:33:44.859Z",7123667
"2021-04-12T18:33:34.859Z",8555144
"2021-04-12T18:33:24.859Z",10132937
"2021-04-12T18:33:14.859Z",10930756
"2021-04-12T18:33:04.859Z",7185246
"2021-04-12T18:32:54.859Z",5132160
"2021-04-12T18:32:44.859Z",107269
"2021-04-12T18:32:34.859Z",143578
"2021-04-12T18:32:24.859Z",1412144
"2021-04-12T18:32:14.859Z",1545081
"2021-04-12T18:32:04.860Z",8950960
"2021-04-12T18:31:54.859Z",1193792
"2021-04-12T18:31:44.859Z",1634241
"2021-04-12T18:31:34.859Z",1837092
"2021-04-12T18:31:24.859Z",81164
"2021-04-12T18:31:14.859Z",292800
"2021-04-12T18:31:04.861Z",176953
"2021-04-12T18:30:54.859Z",9778234
"2021-04-12T18:30:44.859Z",4864676
"2021-04-12T18:30:34.859Z",1891578
"2021-04-12T18:30:24.859Z",2747000
"2021-04-12T18:30:14.859Z",2705590
"2021-04-12T18:30:04.859Z",154178
"2021-04-12T18:29:54.859Z",399178
"2021-04-12T18:29:44.860Z",998428
"2021-04-12T18:29:34.859Z",5590396
"2021-04-12T18:29:24.859Z",5233953
"2021-04-12T18:29:14.859Z",1667973
"2021-04-12T18:29:04.859Z",1515424
"2021-04-12T18:28:54.860Z",29480875
"2021-04-12T18:28:44.859Z",944942
"2021-04-12T18:28:34.860Z",849216
"2021-04-12T18:28:24.859Z",1280282
"2021-04-12T18:28:14.859Z",1310997
"2021-04-12T18:28:04.860Z",2316809
"2021-04-12T18:27:54.859Z",140350
"2021-04-12T18:27:44.859Z",5383496
"2021-04-12T18:27:34.859Z",12876070
"2021-04-12T18:27:24.860Z",617623
"2021-04-12T18:27:14.859Z",7218032
"2021-04-12T18:27:04.860Z",3797874
"2021-04-12T18:26:54.859Z",1087766
"2021-04-12T18:26:44.860Z",844878
"2021-04-12T18:26:34.859Z",103104
"2021-04-12T18:26:24.859Z",3885716
"2021-04-12T18:26:14.859Z",138818
"2021-04-12T18:26:04.859Z",155221
"2021-04-12T18:25:54.859Z",1678165
"2021-04-12T18:25:44.859Z",2426138
"2021-04-12T18:25:34.859Z",116376
"2021-04-12T18:25:24.859Z",9276846
"2021-04-12T18:25:14.859Z",144374
"2021-04-12T18:25:04.859Z",115420
"2021-04-12T18:24:54.859Z",120441
"2021-04-12T18:24:44.869Z",5820428
"2021-04-12T18:24:34.859Z",111658
"2021-04-12T18:24:24.859Z",76428
"2021-04-12T18:24:14.859Z",3325070
"2021-04-12T18:24:04.859Z",512459
"2021-04-12T18:23:54.859Z",102519
"2021-04-12T18:23:44.859Z",399163
"2021-04-12T18:23:34.859Z",112637
"2021-04-12T18:23:24.859Z",519007
"2021-04-12T18:23:14.859Z",2843380
"2021-04-12T18:23:04.859Z",4677344
"2021-04-12T18:22:54.859Z",2923961
"2021-04-12T18:22:44.859Z",75592
"2021-04-12T18:22:34.859Z",195937
"2021-04-12T18:22:24.860Z",120020
"2021-04-12T18:22:14.859Z",486571
"2021-04-12T18:22:04.859Z",4113126
"2021-04-12T18:21:54.859Z",1522513
"2021-04-12T18:21:44.859Z",1993693
"2021-04-12T18:21:34.859Z",599508
"2021-04-12T18:21:24.859Z",1117792
"2021-04-12T18:21:14.859Z",159807
"2021-04-12T18:21:04.859Z",188872
"2021-04-12T18:20:54.859Z",1679361
"2021-04-12T18:20:44.859Z",69203
"2021-04-12T18:20:34.860Z",2611755
"2021-04-12T18:20:24.860Z",2046288
"2021-04-12T18:20:14.859Z",238273
"2021-04-12T18:20:04.859Z",124126
"2021-04-12T18:19:54.859Z",174029
"2021-04-12T18:19:44.859Z",1792820
"2021-04-12T18:19:34.859Z",2078142
"2021-04-12T18:19:24.859Z",3897858
"2021-04-12T18:19:14.859Z",240472
"2021-04-12T18:19:04.859Z",4102068
"2021-04-12T18:18:54.859Z",116145
"2021-04-12T18:18:44.859Z",7949376
"2021-04-12T18:18:34.859Z",3024529
"2021-04-12T18:18:24.859Z",140805
"2021-04-12T18:18:14.859Z",6602139
"2021-04-12T18:18:04.859Z",209981
"2021-04-12T18:17:54.859Z",1150979
"2021-04-12T18:17:44.859Z",6095438
"2021-04-12T18:17:34.859Z",42665309
"2021-04-12T18:17:24.859Z",1307904
"2021-04-12T18:17:14.859Z",609734
"2021-04-12T18:17:04.859Z",437005
"2021-04-12T18:16:54.859Z",92686
"2021-04-12T18:16:44.859Z",213199
"2021-04-12T18:16:34.859Z",217547
"2021-04-12T18:16:24.859Z",88701
"2021-04-12T18:16:14.859Z",1496043
"2021-04-12T18:16:04.859Z",3415546
"2021-04-12T18:15:54.859Z",8136336
"2021-04-12T18:15:44.859Z",6212361
"2021-04-12T18:15:34.859Z",5448181
"2021-04-12T18:15:24.859Z",7494269
"2021-04-12T18:15:14.860Z",3346239
"2021-04-12T18:15:04.859Z",279637
"2021-04-12T18:14:54.860Z",6020867
"2021-04-12T18:14:44.859Z",762727
"2021-04-12T18:14:34.859Z",172178
"2021-04-12T18:14:24.859Z",262284
"2021-04-12T18:14:14.868Z",36886012
"2021-04-12T18:14:04.859Z",16205722
"2021-04-12T18:13:54.859Z",1650334
"2021-04-12T18:13:44.859Z",3112922
"2021-04-12T18:13:34.859Z",4413972
"2021-04-12T18:13:24.860Z",3379103
"2021-04-12T18:13:14.859Z",79437
"2021-04-12T18:13:04.859Z",403017
"2021-04-12T18:12:54.860Z",268826
"2021-04-12T18:12:44.859Z",229505
"2021-04-12T18:12:34.859Z",162447
"2021-04-12T18:12:24.859Z",453902
"2021-04-12T18:12:14.859Z",301556
"2021-04-12T18:12:04.859Z",309177
"2021-04-12T18:11:54.859Z",5448541
"2021-04-12T18:11:44.859Z",71380
"2021-04-12T18:11:34.859Z",2421714
"2021-04-12T18:11:24.859Z",129060
"2021-04-12T18:11:14.859Z",4428185
"2021-04-12T18:11:04.859Z",831192
"2021-04-12T18:10:54.859Z",2425489
"2021-04-12T18:10:44.859Z",1444562
"2021-04-12T18:10:34.859Z",775126
"2021-04-12T18:10:24.859Z",2330671
"2021-04-12T18:10:14.859Z",2652642
"2021-04-12T18:10:04.861Z",2344207
"2021-04-12T18:09:54.859Z",771957
"2021-04-12T18:09:44.861Z",9880423
"2021-04-12T18:09:34.859Z",45832880
"2021-04-12T18:09:24.859Z",4165296
"2021-04-12T18:09:14.859Z",3100615
"2021-04-12T18:09:04.861Z",14222466
"2021-04-12T18:08:54.859Z",395908
"2021-04-12T18:08:44.859Z",177632
"2021-04-12T18:08:34.860Z",4312867
"2021-04-12T18:08:24.859Z",1916092
"2021-04-12T18:08:14.859Z",1281119
"2021-04-12T18:08:04.859Z",932370
"2021-04-12T18:07:54.859Z",169595
"2021-04-12T18:07:44.859Z",104279
"2021-04-12T18:07:34.859Z",3886728
